.,.,.,.,.,.
ACT101,1,10:10,11:40,ST,434
ACT101,2,11:50,1:20,ST,434
ACT101,3,1:30,3:00,MW,430
ACT101,4,3:10,4:40,TR,531
ACT101,5,3:10,4:40,MW,430
ACT101,6,1:30,3:00,T,339
ACT101,6,1:30,3:00,R,AB1-802
ACT101,7,8:30,10:00,MW,AB1-802
ACT201,1,11:50,1:20,ST,429
ACT201,2,3:10,4:40,MW,AB2-304
ACT201,3,1:30,3:00,T,220
ACT201,3,1:30,3:00,R,222
ACT201,4,11:50,1:20,MW,AB1-602
ACT201,5,3:10,4:40,MW,531
ACT201,6,8:30,10:00,S,AB1-502
ACT201,6,8:30,10:00,R,227
ACT201,7,11:50,1:20,M,AB2-702
ACT201,7,11:50,1:20,W,AB1-702
ACT311,1,10:10,11:40,MW,429
ACT311,2,11:50,1:20,MW,431
ACT311,3,1:30,3:00,R,AB2-204
ACT311,3,1:30,3:00,S,AB2-703
ACT411,1,10:10,11:40,MW,434
ACT411,2,11:50,1:20,MW,434
ACT421,1,10:10,11:40,R,337
ACT421,1,10:10,11:40,S,431
ACT427,1,3:10,4:40,S,115
ACT427,1,3:10,4:40,T,220
ACT430,1,10:10,11:40,R,AB1-602
ACT430,1,10:10,11:40,T,AB2-302
ACT441,1,10:10,11:40,ST,430
ACT478,1,1:30,3:00,MW,AB1-702
ACT523,1,6:30,9:30,M,107
ACT527,2,5:00,5:01,W,115
AST-102,1,3:10,4:40,A,Reading Course
AST204,1,8:00,10:00,F,Reading Course
AST-204,1,8:00,10:00,F,Reading Course
AST205,1,1:00,2:00,F,Reading Course
AST-205,1,11:50,1:20,A,Reading Course
AST-302,1,1:30,3:00,F,Reading Course
AST303,1,3:10,4:40,F,Reading Course
AST305,1,11:50,1:20,T,AB2-606
AST305,1,11:50,1:20,R,AB1-201
AST-306,1,11:50,1:20,T,AB2-606
AST-306,1,11:50,1:20,R,AB1-201
AST307,1,1:30,3:00,SR,AB1-401
AST402,1,4:50,6:20,F,Reading Course
AST-402,1,1:30,3:00,SR,AB1-401
AST403,1,8:30,10:00,A,Reading Course
AST-404,1,10:10,11:40,A,Reading Course
AST-406,1,8:30,10:00,MW,AB1-401
AST489,1,4:50,6:20,F,Project
AST-503,1,2:00,5:00,A,223
AST-504,1,8:30,11:40,A,223
AST-504Lab,1,11:50,1:50,A,529 (C. Lab-1)
AST-508,1,9:00,12:00,F,223
AST-508Lab,1,5:30,8:00,F,529 (C. Lab-1)
AST-516,1,2:00,5:00,F,223
AST-599,1,4:50,6:20,S,Thesis
BUS101,1,10:10,11:40,R,434
BUS101,1,10:10,11:40,S,436
BUS101,2,10:10,11:40,MW,AB1-402
BUS101,3,10:10,11:40,ST,AB2-204
BUS101,4,8:30,10:00,T,114
BUS101,4,8:30,10:00,R,221
BUS101,5,1:30,3:00,R,114
BUS101,5,1:30,3:00,S,434
BUS101,6,11:50,1:20,ST,AB2-702
BUS101,7,3:10,4:40,MW,220
BUS101,8,8:30,10:00,SR,434
BUS101,9,3:10,4:40,M,108
BUS101,9,3:10,4:40,W,436
BUS101,10,8:30,10:00,MW,AB3-201
BUS101,11,10:10,11:40,R,AB1-701
BUS101,11,10:10,11:40,T,338
BUS101,12,3:10,4:40,S,431
BUS101,12,3:10,4:40,R,358
BUS101,13,8:30,10:00,S,AB1-602
BUS101,13,8:30,10:00,T,AB1-602
BUS101,14,8:30,10:00,S,AB2-702
BUS101,14,8:30,10:00,R,AB2-403
BUS101,15,8:30,10:00,T,359
BUS101,15,8:30,10:00,R,241
BUS101,16,11:50,1:20,SR,AB2-303
BUS101,18,11:50,1:20,M,AB2-403
BUS101,18,11:50,1:20,W,212
BUS231,1,11:50,1:20,MW,429
BUS231,2,11:50,1:20,ST,432
BUS231,3,3:10,4:40,MW,435
BUS231,4,3:10,4:40,S,338
BUS231,4,3:10,4:40,R,435
BUS231,5,1:30,3:00,MW,AB2-405
BUS231,6,3:10,4:40,S,AB1-401
BUS231,6,3:10,4:40,T,AB1-402
BUS231,7,1:30,3:00,MW,359
BUS231,8,8:30,10:00,R,437
BUS231,8,8:30,10:00,T,115
BUS231,9,1:30,3:00,MW,109
BUS361,1,1:30,3:00,MW,435
BUS361,2,11:50,1:20,S,AB1-402
BUS361,2,11:50,1:20,R,112
BUS361,3,10:10,11:40,MW,222
BUS361,4,3:10,4:40,R,221
BUS361,4,3:10,4:40,S,114
BUS361,5,3:10,4:40,MW,AB1-401
BUS361,6,11:50,1:20,T,AB1-702
BUS361,6,11:50,1:20,R,114
BUS361,7,1:30,3:00,MW,432
BUS498,1,1:00,1:10,F,Project
BUS499,1,1:00,1:10,F,Project
BUS501,2,6:30,9:30,F,102
CE100,1,1:30,4:40,R,352 (Drawing Lab)
CE100,2,8:30,11:50,R,352 (Drawing Lab)
CE101,1,11:50,1:20,MW,531
CE101,2,1:30,3:00,S,AB1-803
CE101,2,1:30,3:00,R,LB-10 (Fluid Mechanics Lab)
CE102,1,10:10,1:20,M,533 (C. Lab-3)
CE103,1,3:10,4:40,ST,AB1-201
CE103LAB,1,8:30,3:00,W,Field Work
CE200,1,10:10,1:10,T,220
CE200,2,8:30,11:40,R,212
CE201,1,10:10,11:40,ST,AB1-301
CE201,2,11:50,1:20,S,AB1-301
CE201,2,11:50,1:20,R,107
CE201LAB,1,10:10,1:10,M,LB-15 (Engineering Material Lab)
CE201LAB,2,10:10,1:10,W,LB-15 (Engineering Material Lab)
CE203,1,10:10,11:40,T,224
CE203,1,11:50,1:20,R,430
CE211,1,10:10,11:40,SR,108
CE211LAB,1,10:10,1:10,M,LB-14 (Strength of Material Lab)
CE213,1,10:10,11:40,R,220
CE213,1,10:10,11:40,S,112
CE261,1,8:30,10:00,MW,220
CE261LAB,1,11:50,2:50,M,LB-10 (Fluid Mechanics Lab)
CE301,1,8:30,10:00,TR,AB2-704
CE301LAB,1,10:10,1:20,R,529 (C. Lab-1)
CE311,1,3:10,4:40,MW,358
CE315,1,3:10,4:40,MW,110
CE315LAB,1,10:10,1:10,W,LB-14 (Strength of Material Lab)
CE331,1,11:50,1:20,ST,AB2-203
CE331LAB,1,1:30,4:40,R,LB-9 (Environmental Engineering Lab)
CE333,1,10:10,11:40,ST,AB2-205
CE408,1,1:30,4:40,R,217
CE410,1,1:30,4:40,S,217
CE411,1,1:30,3:00,MW,Reading Course
CE451,1,3:10,4:40,MW,352 (Drawing Lab)
CHE101,1,8:30,10:00,R,108
CHE101,1,8:30,10:00,S,217
CHE101,2,10:10,11:40,MW,110
CHE101,3,8:30,10:00,TR,AB2-603
CHE101,4,1:30,3:00,T,AB2-502
CHE101,4,1:30,3:00,S,529 (C. Lab-1)
CHE101Lab,1,8:00,10:00,T,716 (Pharmacy Lab-3)
CHE101Lab,2,1:30,3:30,R,724 (Pharmacy Lab-1)
CHE101Lab,3,10:10,12:10,R,716 (Pharmacy Lab-3)
CHE101Lab,4,8:00,10:00,T,818 (Pharmacy Lab-6)
CHE107,1,8:30,10:00,ST,429
CHE107,2,3:10,4:40,MW,AB2-203
CHE107Lab,1,8:00,10:00,R,724 (Pharmacy Lab-1)
CHE107LAB,2,4:50,6:50,R,724 (Pharmacy Lab-1)
CHE108,1,11:50,1:20,T,AB2-704
CHE108,1,11:50,1:20,R,433
CHE108Lab,1,11:50,1:20,S,716 (Pharmacy Lab-3)
CHE109,1,11:50,1:20,R,221
CHE109,1,11:50,1:20,T,AB2-405
CHE109,2,3:10,4:40,S,220
CHE109,2,3:10,4:40,T,110
CHE109,3,8:30,10:00,SR,359
CHE109,4,11:50,1:20,TR,AB2-403
CHE109,5,1:30,3:00,MW,358
CHE109,6,10:10,11:40,ST,109
CHE109Lab,1,1:30,3:30,S,724 (Pharmacy Lab-1)
CHE109Lab,2,10:10,12:10,T,724 (Pharmacy Lab-1)
CHE109Lab,3,8:00,10:00,M,724 (Pharmacy Lab-1)
CHE109Lab,4,10:10,12:10,S,724 (Pharmacy Lab-1)
CHE109Lab,5,1:30,3:30,R,716 (Pharmacy Lab-3)
CHE109Lab,6,8:00,10:00,S,724 (Pharmacy Lab-1)
CHE208,1,10:10,11:40,MW,219
CHE208Lab,1,10:10,12:10,S,827 (Pharmacy Lab-5)
CSE101,1,1:30,3:00,MW,TBA
CSE101,2,10:10,11:40,MW,530 (C. Lab-2)
CSE101,3,10:10,11:40,R,223
CSE101,3,10:10,11:40,T,529 (C. Lab-1)
CSE101,5,3:10,4:40,T,TBA
CSE101,6,3:10,4:40,W,AB1-501
CSE101,6,3:10,4:40,M,534 (C. Lab-4)
CSE101,9,10:10,11:40,R,AB2-205
CSE101,9,10:10,11:40,S,529 (C. Lab-1)
CSE101,10,8:30,10:00,T,530 (C. Lab-2)
CSE101,10,8:30,10:00,S,338
CSE101,11,11:50,1:20,S,529 (C. Lab-1)
CSE101,11,11:50,1:20,R,429
CSE101,12,8:30,10:00,S,436
CSE101,12,8:30,10:00,T,630 (Software Engineering Lab)
CSE101,13,10:10,11:40,T,530 (C. Lab-2)
CSE101,13,10:10,11:40,S,AB1-702
CSE101,14,10:10,11:40,T,637 (Database Lab)
CSE101,14,10:10,11:40,S,AB1-701
CSE102,1,11:50,1:20,W,AB1-501
CSE102,1,11:50,1:20,M,529 (C. Lab-1)
CSE103,1,1:30,3:00,TR,108
CSE103,2,3:10,4:40,MW,102
CSE103,3,8:30,10:00,ST,108
CSE103,4,10:10,11:40,ST,110
CSE103,5,10:10,11:40,T,AB1-701
CSE103,5,10:10,11:40,S,AB1-201
CSE103,6,11:50,1:20,ST,AB2-205
CSE103,7,8:30,10:00,MW,AB2-504
CSE103,8,10:10,11:40,T,112
CSE103,8,10:10,11:40,S,630 (Software Engineering Lab)
CSE103,9,1:30,3:00,MW,AB2-304
CSE103,10,8:30,10:00,SR,AB2-205
CSE103,11,11:50,1:20,MW,432
CSE103,12,3:10,4:40,TR,AB1-601
CSE103LAB,1,11:50,2:50,S,630 (Software Engineering Lab)
CSE103LAB,2,3:10,6:10,T,530 (C. Lab-2)
CSE103LAB,3,10:10,1:20,R,533 (C. Lab-3)
CSE103LAB,4,1:30,4:30,R,637 (Database Lab)
CSE103LAB,5,1:30,4:30,R,630 (Software Engineering Lab)
CSE103LAB,6,4:50,7:50,M,533 (C. Lab-3)
CSE103LAB,7,1:30,4:30,W,637 (Database Lab)
CSE103LAB,8,10:10,1:10,R,637 (Database Lab)
CSE103LAB,9,1:30,4:30,S,638 (Artificial Intelligence Lab)
CSE103Lab,10,10:10,1:10,S,637 (Database Lab)
CSE103LAB,11,4:50,7:50,S,638 (Artificial Intelligence Lab)
CSE103Lab,12,10:10,1:10,M,630 (Software Engineering Lab)
CSE105,1,1:30,3:00,TR,108
CSE105,7,8:30,10:00,MW,AB2-504
CSE105,8,10:10,11:40,T,112
CSE105,8,10:10,11:40,S,630 (Software Engineering Lab)
CSE105LAB,1,11:50,2:50,S,630 (Software Engineering Lab)
CSE105LAB,7,1:30,4:30,W,637 (Database Lab)
CSE105LAB,8,10:10,1:10,R,637 (Database Lab)
CSE106,1,1:30,3:00,ST,531
CSE106,2,8:30,10:00,MW,AB2-503
CSE106,3,1:30,3:00,S,AB2-403
CSE106,3,1:30,3:00,R,AB2-504
CSE106,4,10:10,11:40,MW,531
CSE107,3,3:10,4:40,S,AB1-501
CSE107,3,3:10,4:40,R,436
CSE107,5,8:30,10:00,T,434
CSE107,5,8:30,10:00,S,AB1-201
CSE107LAB,3,10:10,1:20,R,638 (Artificial Intelligence Lab)
CSE107LAB,5,4:50,7:50,S,530 (C. Lab-2)
CSE108,1,1:30,3:00,MW,110
CSE108,2,1:30,3:00,W,AB1-802
CSE108,2,1:30,3:00,M,AB2-205
CSE108LAB,1,1:30,3:30,R,533 (C. Lab-3)
CSE108Lab,2,8:00,10:00,T,637 (Database Lab)
CSE109,1,1:30,3:00,TR,AB1-601
CSE109,2,1:30,3:00,MW,AB1-401
CSE109,3,10:10,11:40,MW,217
CSE109,5,8:30,10:00,ST,AB1-301
CSE109LAB,1,10:10,12:10,S,547 (Electronics Lab)
CSE109LAB,2,10:10,12:10,S,548 (Electrical Circuit Lab)
CSE109LAB,3,1:30,3:30,M,547 (Electronics Lab)
CSE109LAB,5,10:10,12:10,R,548 (Electrical Circuit Lab)
CSE110,1,8:30,10:00,TR,107
CSE110,2,1:30,3:00,T,AB1-401
CSE110,2,1:30,3:00,R,AB2-606
CSE110,3,3:10,4:40,S,AB1-501
CSE110,3,3:10,4:40,R,436
CSE110,4,10:10,11:40,MW,AB2-606
CSE110,5,8:30,10:00,T,434
CSE110,5,8:30,10:00,S,AB1-201
CSE110LAB,1,8:00,11:00,S,638 (Artificial Intelligence Lab)
CSE110LAB,2,4:50,7:50,W,637 (Database Lab)
CSE110LAB,3,10:10,1:20,R,638 (Artificial Intelligence Lab)
CSE110LAB,4,10:10,1:10,T,630 (Software Engineering Lab)
CSE110LAB,5,4:50,7:50,S,530 (C. Lab-2)
CSE200,3,8:00,10:00,S,534 (C. Lab-4)
CSE200,4,4:50,6:20,T,638 (Artificial Intelligence Lab)
CSE205,1,8:30,10:00,MW,AB2-503
CSE207,2,8:30,10:00,ST,110
CSE207,3,10:10,11:40,T,435
CSE207,3,10:10,11:40,R,359
CSE207,4,8:30,10:00,MW,110
CSE207,5,11:50,1:20,T,AB1-201
CSE207,5,11:50,1:20,S,108
CSE207LAB,2,8:00,10:00,R,637 (Database Lab)
CSE207LAB,3,4:50,6:50,T,533 (C. Lab-3)
CSE207LAB,4,10:10,12:10,M,637 (Database Lab)
CSE207LAB,5,10:10,12:10,W,637 (Database Lab)
CSE209,1,1:30,3:00,TR,AB1-601
CSE209,2,1:30,3:00,MW,AB1-401
CSE209,3,10:10,11:40,MW,217
CSE209,4,11:50,1:20,MW,AB1-601
CSE209,5,8:30,10:00,ST,AB1-301
CSE209LAB,1,10:10,12:10,S,547 (Electronics Lab)
CSE209LAB,2,10:10,12:10,S,548 (Electrical Circuit Lab)
CSE209LAB,3,1:30,3:30,M,547 (Electronics Lab)
CSE209LAB,4,1:30,3:30,T,547 (Electronics Lab)
CSE209LAB,5,10:10,12:10,R,548 (Electrical Circuit Lab)
CSE225,2,1:30,3:00,SR,AB1-501
CSE225LAB,2,4:50,6:50,M,638 (Artificial Intelligence Lab)
CSE227,1,3:10,4:40,MW,359
CSE227LAB,1,3:10,6:10,S,630 (Software Engineering Lab)
CSE245,1,1:30,3:00,MW,108
CSE245,2,11:50,1:20,S,AB2-504
CSE245,2,11:50,1:20,R,358
CSE245,3,10:10,11:40,MW,AB2-702
CSE245LAB,1,1:30,3:30,T,638 (Artificial Intelligence Lab)
CSE245LAB,2,1:30,3:30,T,534 (C. Lab-4)
CSE245LAB,3,1:30,3:30,M,637 (Database Lab)
CSE248,2,10:10,11:40,MW,115
CSE248,3,10:10,11:40,TR,AB2-203
CSE251,1,10:10,11:40,SR,217
CSE251,2,10:10,11:40,MW,102
CSE251,3,1:30,3:00,ST,AB1-701
CSE251,5,1:30,3:00,MW,AB1-301
CSE251,6,10:10,11:40,MW,432
CSE251LAB,1,10:10,12:10,T,547 (Electronics Lab)
CSE251LAB,2,8:00,10:00,W,547 (Electronics Lab)
CSE251LAB,3,1:30,3:30,R,547 (Electronics Lab)
CSE251LAB,5,4:50,6:50,T,547 (Electronics Lab)
CSE251LAB,6,4:50,6:50,R,548 (Electrical Circuit Lab)
CSE301,1,1:30,3:00,MW,AB1-201
CSE301,2,3:10,4:40,SR,359
CSE301,3,8:30,10:00,TR,AB1-201
CSE301,4,11:50,1:20,S,AB1-302
CSE301,4,11:50,1:20,R,224
CSE301LAB,1,4:50,6:50,T,637 (Database Lab)
CSE301LAB,2,4:50,6:50,M,637 (Database Lab)
CSE301LAB,3,8:00,10:00,S,637 (Database Lab)
CSE301LAB,4,1:30,3:09,S,637 (Database Lab)
CSE325,1,8:30,10:00,MW,AB2-502
CSE325,2,8:30,10:00,T,AB1-601
CSE325,2,8:30,10:00,R,AB1-301
CSE325,3,10:10,11:40,R,AB2-703
CSE325,3,10:10,11:40,S,AB2-302
CSE325,4,3:10,4:40,MW,AB2-503
CSE325,5,1:30,3:00,S,AB2-405
CSE325,5,1:30,3:00,T,AB2-204
CSE325LAB,1,1:30,3:30,M,630 (Software Engineering Lab)
CSE325LAB,2,10:10,12:10,T,638 (Artificial Intelligence Lab)
CSE325LAB,3,8:00,10:00,T,534 (C. Lab-4)
CSE325LAB,4,4:50,6:50,M,530 (C. Lab-2)
CSE325LAB,5,4:50,6:50,W,638 (Artificial Intelligence Lab)
CSE345,1,10:10,11:40,ST,221
CSE345,2,1:30,3:00,ST,114
CSE345,3,8:30,10:00,MW,AB2-205
CSE345,4,1:30,3:00,TR,AB2-205
CSE345LAB,1,10:10,12:10,R,634 (Digital System Lab)
CSE345LAB,2,1:30,3:30,R,634 (Digital System Lab)
CSE345LAB,3,10:10,12:10,S,634 (Digital System Lab)
CSE345LAB,4,8:00,10:00,S,634 (Digital System Lab)
CSE350,1,8:30,10:00,MW,112
CSE350,2,8:30,10:00,ST,AB2-204
CSE350,3,3:10,4:40,MW,AB2-204
CSE360,1,1:30,3:00,MW,224
CSE360,2,3:10,4:40,SR,223
CSE360,3,10:10,11:40,MW,AB2-204
CSE365,1,10:10,11:40,MW,431
CSE365,2,11:50,1:20,ST,AB2-502
CSE365,3,8:30,10:00,ST,AB2-304
CSE365,4,10:10,11:40,MW,AB2-504
CSE365LAB,1,1:30,3:30,M,638 (Artificial Intelligence Lab)
CSE365LAB,2,1:30,3:30,W,638 (Artificial Intelligence Lab)
CSE365LAB,3,8:00,10:00,R,638 (Artificial Intelligence Lab)
CSE365LAB,4,1:30,3:30,R,638 (Artificial Intelligence Lab)
CSE375,1,11:50,1:20,S,431
CSE375,1,11:50,1:20,R,431
CSE375,2,3:10,4:40,S,429
CSE375,2,3:10,4:40,T,358
CSE405,1,8:30,10:00,MW,114
CSE405,2,8:30,10:00,TR,337
CSE405,3,11:50,1:20,MW,AB1-301
CSE405LAB,1,1:30,3:30,T,630 (Software Engineering Lab)
CSE405LAB,2,8:00,10:00,S,630 (Software Engineering Lab)
CSE405LAB,3,1:30,3:30,W,630 (Software Engineering Lab)
CSE411,1,8:30,10:00,MW,AB2-603
CSE411,2,1:30,3:00,T,AB1-301
CSE411,2,1:30,3:00,S,AB1-601
CSE411,3,10:10,11:40,SR,AB2-606
CSE411LAB,1,10:10,12:10,R,630 (Software Engineering Lab)
CSE411LAB,2,4:50,6:50,S,533 (C. Lab-3)
CSE411LAB,3,8:00,10:00,R,630 (Software Engineering Lab)
CSE420,1,10:10,11:40,MW,AB2-603
CSE420,2,1:30,3:00,SR,AB2-503
CSE435,1,4:50,6:20,S,531
CSE435,1,4:50,6:20,R,531
CSE435,2,1:30,3:00,TR,AB2-702
CSE442,1,8:30,10:00,ST,112
CSE442,2,10:10,11:40,MW,113
CSE442,3,1:30,3:00,TR,AB2-405
CSE442LAB,1,8:00,10:00,R,634 (Digital System Lab)
CSE442LAB,2,1:30,3:30,T,634 (Digital System Lab)
CSE442LAB,3,4:50,6:50,T,634 (Digital System Lab)
CSE453,1,11:50,1:20,S,220
CSE453,1,11:50,1:20,T,437
CSE464,1,1:30,3:00,TR,437
CSE475,1,8:30,10:00,ST,AB2-404
CSE475,2,10:10,11:40,ST,AB2-702
CSE475,3,1:30,3:00,MW,AB2-704
CSE477,1,10:10,11:40,ST,531
CSE480,1,3:10,4:40,MW,AB2-502
CSE480,2,1:30,3:00,MW,AB2-504
CSE480LAB,1,4:50,6:50,M,630 (Software Engineering Lab)
CSE480LAB,2,4:50,6:50,T,630 (Software Engineering Lab)
CSE497,1,10:00,10:02,F,Project
CSE498,2,3:10,4:40,SR,437
CSE498,3,11:50,1:20,MW,AB2-204
CSE499,1,9:00,12:00,F,Project
CSE503,1,6:51,9:51,M,531
CSE504,1,3:30,6:30,F,531
CSE505,1,6:00,9:00,W,531
CSE506,1,6:00,9:00,T,Reading Course
CSE513,1,6:30,9:30,S,531
CSE521,1,9:00,12:00,F,531
CSE531,1,9:00,12:00,F,531
CSE534,1,6:00,9:00,T,531
CSE542,1,6:00,9:00,M,432
CSE551,1,6:00,9:00,S,Reading Course
CSE596,1,6:00,9:00,A,531
CSE597,1,10:10,11:40,A,Thesis
CSE598,1,6:00,9:00,A,531
ECO101,1,8:30,10:00,S,AB2-405
ECO101,1,8:30,10:00,T,AB1-502
ECO101,2,8:30,10:00,MW,339
ECO101,3,10:10,11:40,MW,AB2-502
ECO101,4,1:30,3:00,SR,AB2-502
ECO101,5,1:30,3:00,MW,336
ECO101,6,1:30,3:00,TR,212
ECO101,7,10:10,11:40,MW,AB2-203
ECO101,8,3:10,4:40,TR,225
ECO101,9,3:10,4:40,SR,110
ECO101,10,10:10,11:40,MW,AB1-602
ECO101,11,1:30,3:00,TR,431
ECO101,12,10:10,11:40,T,AB1-201
ECO101,12,10:10,11:40,R,221
ECO101,13,1:30,3:00,S,115
ECO101,13,1:30,3:00,R,531
ECO101,14,3:10,4:40,MW,437
ECO101,15,10:10,11:40,MW,337
ECO101,16,3:10,4:40,S,339
ECO101,16,3:10,4:40,R,227
ECO101,17,8:30,10:00,MW,115
ECO101,18,1:30,3:00,T,429
ECO101,18,1:30,3:00,R,AB1-302
ECO101,19,1:30,3:00,MW,AB2-502
ECO101,20,1:30,3:00,S,AB2-603
ECO101,20,1:30,3:00,R,AB2-404
ECO102,1,10:10,11:40,T,115
ECO102,1,10:10,11:40,R,AB1-501
ECO102,2,8:30,10:00,SR,115
ECO102,3,8:30,10:00,S,223
ECO102,3,8:30,10:00,R,358
ECO102,4,3:10,4:40,SR,335
ECO102,5,10:10,11:40,MW,335
ECO102,6,8:30,10:00,MW,434
ECO102,7,8:30,10:00,S,337
ECO102,7,8:30,10:00,R,531
ECO102,8,1:30,3:00,SR,335
ECO102,9,1:30,3:00,TR,224
ECO102,10,10:10,11:40,MW,AB1-701
ECO102,11,10:10,11:40,ST,337
ECO102,12,10:10,11:40,S,AB2-704
ECO102,12,10:10,11:40,T,AB2-703
ECO104,1,3:10,4:40,MW,335
ECO104,2,8:30,10:00,TR,336
ECO104,3,1:30,3:00,R,220
ECO104,3,1:30,3:00,S,AB2-304
ECO104,4,8:30,10:00,SR,339
ECO104,5,1:30,3:00,TR,AB2-303
ECO104,6,11:50,1:20,TR,AB1-402
ECO104,7,10:10,11:40,MW,AB1-702
ECO104,8,1:30,3:00,MW,335
ECO104,9,11:50,1:20,MW,AB2-304
ECO204,1,11:50,1:20,TR,335
ECO204,2,1:30,3:00,MW,AB1-803
ECO204,3,1:30,3:00,MW,AB3-201
ECO204,4,8:30,10:00,T,225
ECO204,4,8:30,10:00,R,435
ECO204,5,1:30,3:00,MW,437
ECO204,6,3:10,4:40,T,335
ECO204,6,3:10,4:40,R,338
ECO204,7,1:30,3:00,S,AB2-504
ECO204,7,1:30,3:00,R,AB2-302
ECO260,1,1:30,3:00,MW,339
ECO301,1,10:10,11:40,MW,358
ECO301,2,10:10,11:40,SR,225
ECO302,1,10:10,11:40,SR,432
ECO304,1,1:30,3:00,SR,339
ECO310,1,10:10,11:40,R,AB1-201
ECO310,1,10:10,11:40,S,115
ECO315,1,10:10,11:40,T,AB2-502
ECO315,1,10:10,11:40,R,226
ECO328,1,1:30,3:00,T,335
ECO328,1,1:30,3:00,R,336
ECO349,1,3:10,4:40,TR,432
ECO353,1,8:30,10:00,A,AB2-702
ECO355,1,3:10,4:40,TR,339
ECO360,1,8:30,10:00,MW,335
ECO382,1,11:50,1:20,MW,337
ECO433,1,11:50,1:20,ST,115
ECO443,1,9:00,12:00,A,335
ECO450,1,10:10,11:40,SR,227
ECO455,1,3:10,4:40,MW,339
ECO465,1,3:10,4:40,ST,336
ECO467,1,3:10,4:40,MW,226
ECO467,2,6:30,9:30,T,339
ECO475,1,3:20,6:20,A,338
ECO477,1,1:30,3:00,ST,432
ECO480,1,10:10,11:40,MW,339
ECO485,1,6:30,9:30,R,339
ECO490,1,11:50,1:20,ST,339
ECO495,1,1:05,1:10,F,Thesis
ECO502,1,3:20,6:20,A,339
ECO511,1,6:00,9:00,S,335
ECO525,1,9:00,12:00,F,339
ECO550,1,12:10,3:10,A,338
ECO565,1,9:00,12:00,A,339
ECO585,1,6:30,9:30,R,339
EEE101,1,8:30,10:00,MW,531
EEE101,2,8:30,10:00,ST,437
EEE101LAB,1,1:30,3:30,T,548 (Electrical Circuit Lab)
EEE101LAB,1,1:30,3:30,T,559 (VLSI Lab)
EEE101LAB,2,4:50,6:50,M,547 (Electronics Lab)
EEE101LAB,2,4:50,6:50,M,559 (VLSI Lab)
EEE102,1,11:50,1:20,MW,219
EEE102,2,8:30,10:00,TR,338
EEE102Lab,1,4:50,6:50,S,548 (Electrical Circuit Lab)
EEE102Lab,2,8:00,10:00,S,548 (Electrical Circuit Lab)
EEE105,1,8:30,10:00,R,530 (C. Lab-2)
EEE105,1,8:30,10:00,T,533 (C. Lab-3)
EEE105,2,11:50,1:20,S,533 (C. Lab-3)
EEE105,2,11:50,1:20,T,534 (C. Lab-4)
EEE105Lab,1,8:00,10:00,M,530 (C. Lab-2)
EEE105Lab,2,4:50,6:50,W,533 (C. Lab-3)
EEE165,1,3:10,4:40,MW,AB2-302
EEE201,1,10:10,11:40,ST,102
EEE201,2,10:10,11:40,MW,433
EEE201LAB,1,8:00,10:00,W,559 (VLSI Lab)
EEE201LAB,1,8:00,10:00,W,548 (Electrical Circuit Lab)
EEE201Lab,2,1:30,3:30,W,548 (Electrical Circuit Lab)
EEE201Lab,2,1:30,3:30,W,559 (VLSI Lab)
EEE202,1,11:50,1:20,ST,336
EEE202Lab,1,8:00,10:00,M,547 (Electronics Lab)
EEE204,1,11:50,1:20,MW,534 (C. Lab-4)
EEE204,2,10:10,11:40,ST,533 (C. Lab-3)
EEE204Lab,1,4:50,6:50,T,534 (C. Lab-4)
EEE204Lab,2,4:50,6:50,W,534 (C. Lab-4)
EEE205,1,11:50,1:20,SR,219
EEE205,2,8:30,10:00,ST,102
EEE205Lab,1,8:00,10:00,T,634 (Digital System Lab)
EEE205Lab,2,1:30,3:30,S,634 (Digital System Lab)
EEE300,1,1:30,3:00,S,219
EEE300,1,1:30,3:00,T,337
EEE301,1,11:50,1:20,ST,436
EEE301Lab,1,10:10,12:10,R,558 (High Voltage Lab/Machines Lab)
EEE302,1,3:10,4:40,MW,AB1-601
EEE302LAB,1,4:50,6:50,W,546 (Switch Gear and Control Lab)
EEE302LAB,1,4:50,6:50,W,634 (Digital System Lab)
EEE303,1,10:10,11:40,MW,212
EEE304,1,11:50,1:20,MW,111
EEE304,2,3:10,4:40,TR,AB2-303
EEE304Lab,1,4:50,6:50,M,558 (High Voltage Lab/Machines Lab)
EEE304Lab,2,4:50,6:50,S,558 (High Voltage Lab/Machines Lab)
EEE305,1,8:30,10:00,S,433
EEE305,1,8:30,10:00,R,109
EEE307,1,8:30,10:00,MW,108
EEE307Lab,1,4:50,6:50,W,449 (Telecommunication Lab)
EEE308,1,10:10,11:40,ST,437
EEE309,1,11:50,1:20,T,113
EEE309,1,11:50,1:20,R,110
EEE309Lab,1,10:10,12:10,M,559 (VLSI Lab)
EEE399,1,3:10,4:40,MW,433
EEE400A,1,1:30,3:00,T,219
EEE400B,1,1:30,3:00,A,Project
EEE402,1,1:30,3:00,MW,433
EEE402LAB,1,10:10,12:10,R,559 (VLSI Lab)
EEE402LAB,1,10:10,12:10,R,546 (Switch Gear and Control Lab)
EEE403,1,8:30,10:00,TR,433
EEE413,1,11:50,1:20,MW,336
EEE414,1,11:50,1:20,ST,338
EEE416,1,3:10,4:40,ST,435
EEE416Lab,1,1:30,3:30,M,559 (VLSI Lab)
EEE433,1,10:10,11:40,TR,AB2-704
EEE433Lab,1,4:50,6:50,M,534 (C. Lab-4)
EEE441,1,8:30,10:00,SR,432
EEE442,1,1:30,3:00,R,AB1-202
EEE442,1,1:30,3:00,S,437
EEE442LAB,1,4:50,6:50,T,546 (Switch Gear and Control Lab)
EEE442LAB,1,4:50,6:50,T,559 (VLSI Lab)
EEE445,1,8:30,10:00,MW,437
EEE498,1,8:30,10:00,F,Project
EEE499,1,8:30,10:00,A,Project
EMBA-501,1,3:00,6:00,F,109
EMBA-502,1,6:30,9:30,A,110
EMBA-503,1,6:30,9:30,A,114
EMBA-503,2,6:30,9:30,T,109
EMBA-503,3,6:30,9:30,M,223
EMBA-503,4,6:30,9:30,F,112
EMBA-504,1,6:30,9:30,F,339
EMBA-504,2,6:30,9:30,M,226
EMBA-505,1,6:30,9:30,M,102
EMBA-505,2,6:30,9:30,T,219
EMBA-505,3,9:00,12:00,F,112
EMBA-505,4,6:30,9:30,A,112
ENG_501,1,4:50,10:00,W,221
ENG_504,1,5:30,8:30,S,222
ENG_505,1,9:30,12:30,A,227
ENG_516,1,5:30,8:30,M,227
ENG_517,1,5:30,8:30,M,221
ENG_542,1,9:30,12:30,A,224
ENG_559,1,5:30,8:30,R,241
ENG_568,1,8:30,10:00,ST,Reading Course
ENG_569,1,5:30,8:30,T,224
ENG_599,1,1:00,1:10,F,Project
ENG099,1,8:30,10:00,R,102
ENG099,1,8:30,10:00,S,107
ENG099,2,8:30,10:00,MW,AB2-704
ENG100,1,3:10,4:40,ST,222
ENG100,2,8:30,10:00,MW,227
ENG100,3,10:10,11:40,MW,220
ENG100,4,10:10,11:40,MW,241
ENG100,5,3:10,4:40,MW,AB1-301
ENG100,6,3:10,4:40,MW,241
ENG100,7,1:30,3:00,S,212
ENG100,7,1:30,3:00,T,217
ENG100,8,3:10,4:40,ST,AB1-301
ENG100,9,3:10,4:40,MW,AB2-504
ENG100,10,11:50,1:20,MW,102
ENG100,11,8:30,10:00,T,109
ENG100,11,8:30,10:00,R,110
ENG100,12,8:30,10:00,MW,102
ENG100,13,1:30,3:00,MW,AB2-403
ENG100,14,11:50,1:20,S,AB2-405
ENG100,14,11:50,1:20,R,338
ENG100,15,1:30,3:00,MW,AB2-606
ENG100,16,8:30,10:00,MW,AB2-403
ENG100,17,1:30,3:00,ST,222
ENG100,18,3:10,4:40,T,338
ENG100,18,3:10,4:40,S,AB1-601
ENG100,19,8:30,10:00,S,241
ENG100,19,8:30,10:00,T,227
ENG100,20,3:10,4:40,ST,AB2-703
ENG100,21,8:30,10:00,ST,AB3-201
ENG100,22,1:30,3:00,ST,AB3-201
ENG100,23,3:10,4:40,MW,AB3-201
ENG100,24,10:10,11:40,S,AB3-201
ENG100,24,10:10,11:40,T,AB1-402
ENG100,25,10:10,11:40,TR,AB3-201
ENG101,1,8:30,10:00,ST,220
ENG101,2,8:30,10:00,S,222
ENG101,2,8:30,10:00,T,224
ENG101,3,8:30,10:00,MW,241
ENG101,4,11:50,1:20,ST,223
ENG101,5,8:30,10:00,S,227
ENG101,5,8:30,10:00,T,241
ENG101,6,10:10,11:40,SR,AB2-502
ENG101,7,3:10,4:40,MW,AB2-405
ENG101,8,10:10,11:40,MW,AB2-303
ENG101,9,11:50,1:20,S,AB2-704
ENG101,9,11:50,1:20,R,434
ENG101,10,11:50,1:20,S,359
ENG101,10,11:50,1:20,T,431
ENG101,11,10:10,11:40,S,114
ENG101,11,10:10,11:40,R,429
ENG101,12,10:10,11:40,T,AB2-403
ENG101,12,10:10,11:40,R,AB2-405
ENG101,13,11:50,1:20,MW,AB2-405
ENG101,14,11:50,1:20,T,337
ENG101,14,11:50,1:20,S,241
ENG101,15,3:10,4:40,MW,AB2-404
ENG101,16,11:50,1:20,S,AB2-503
ENG101,16,11:50,1:20,R,226
ENG101,17,3:10,4:40,S,432
ENG101,17,3:10,4:40,T,434
ENG101,18,8:30,10:00,SR,AB2-302
ENG101,19,8:30,10:00,T,219
ENG101,19,8:30,10:00,R,220
ENG101,20,1:30,3:00,TR,241
ENG101,21,8:30,10:00,T,AB2-303
ENG101,21,8:30,10:00,R,AB2-304
ENG101,22,3:10,4:40,TR,241
ENG101,23,8:30,10:00,TR,222
ENG101,24,3:10,4:40,T,AB3-201
ENG101,24,3:10,4:40,S,AB2-203
ENG101,25,11:50,1:20,MW,AB3-201
ENG101,26,11:50,1:20,SR,AB3-201
ENG101,27,10:10,11:40,T,AB1-702
ENG101,27,10:10,11:40,R,435
ENG101,28,1:30,3:00,R,AB3-201
ENG101,28,1:30,3:00,T,AB2-504
ENG102,1,8:30,10:00,MW,AB1-701
ENG102,2,8:30,10:00,MW,AB1-501
ENG102,3,8:30,10:00,SR,AB1-601
ENG102,4,10:10,11:40,TR,AB2-603
ENG102,5,11:50,1:20,MW,226
ENG102,6,11:50,1:20,MW,223
ENG102,7,3:10,4:40,ST,212
ENG102,8,1:30,3:00,MW,102
ENG102,9,3:10,4:40,MW,AB1-201
ENG102,10,11:50,1:20,MW,AB1-201
ENG102,11,1:30,3:00,MW,219
ENG102,12,1:30,3:00,MW,AB2-702
ENG102,13,10:10,11:40,MW,AB2-503
ENG102,14,1:30,3:00,MW,AB2-302
ENG102,15,1:30,3:00,TR,AB1-201
ENG102,16,1:30,3:00,R,221
ENG102,16,1:30,3:00,S,102
ENG102,17,3:10,4:40,S,241
ENG102,17,3:10,4:40,T,102
ENG102,18,11:50,1:20,S,AB2-606
ENG102,18,11:50,1:20,T,AB2-303
ENG102,19,11:50,1:20,TR,AB1-301
ENG102,20,1:30,3:00,R,AB2-703
ENG102,20,1:30,3:00,T,AB2-603
ENG102,21,1:30,3:00,S,AB1-201
ENG102,21,1:30,3:00,R,113
ENG102,22,8:30,10:00,TR,AB2-405
ENG102,23,10:10,11:40,T,431
ENG102,23,10:10,11:40,S,AB2-603
ENG102,24,10:10,11:40,ST,AB1-601
ENG102,25,3:10,4:40,MW,221
ENG102,26,3:10,4:40,MW,AB2-603
ENG102,27,10:10,11:40,TR,AB2-303
ENG145,1,8:30,10:00,MW,223
ENG145,2,10:10,11:40,SR,AB2-404
ENG154,1,1:30,3:00,MW,221
ENG155,1,1:30,3:00,SR,226
ENG155,2,3:10,4:40,SR,226
ENG191,1,10:10,11:40,MW,226
ENG191,2,10:10,11:40,ST,AB2-504
ENG192,1,1:30,3:00,TR,115
ENG192,2,10:10,11:40,MW,437
ENG200,1,3:10,4:40,MW,222
ENG205,1,8:30,10:00,MW,AB2-204
ENG207,1,10:10,11:40,T,432
ENG207,1,10:10,11:40,R,AB1-803
ENG207,2,10:10,11:40,MW,AB1-201
ENG208,1,3:10,4:40,TR,224
ENG208,2,1:30,3:00,MW,220
ENG209,1,11:50,1:20,ST,221
ENG213,1,1:30,3:00,MW,AB1-202
ENG222,1,8:30,10:00,ST,226
ENG226,1,3:10,4:40,MW,227
ENG230,1,11:50,1:20,TR,241
ENG245,1,1:30,3:00,ST,227
ENG255,1,8:30,10:00,T,432
ENG255,1,8:30,10:00,R,AB1-202
ENG301,1,11:50,1:20,MW,AB2-503
ENG306,1,11:50,1:20,S,AB1-702
ENG306,1,11:50,1:20,T,AB2-404
ENG309,1,8:30,10:00,TR,223
ENG310,1,10:10,11:40,ST,AB1-202
ENG313,1,11:50,1:20,ST,AB1-401
ENG315,1,3:10,4:40,MW,225
ENG316,1,10:10,11:40,MW,223
ENG320,1,3:10,4:40,ST,AB1-602
ENG403,1,11:50,1:20,MW,227
ENG411,1,8:30,10:00,MW,225
ENG412,1,10:10,11:40,ST,226
ENG420,1,3:10,4:40,MW,AB1-202
ENG426,1,1:30,3:00,MW,241
ENG430,1,3:10,4:40,S,224
ENG430,1,3:10,4:40,T,223
ENG438,1,1:30,3:00,ST,AB1-602
ENG445,1,11:50,1:20,MW,241
ENG455,1,1:30,3:00,S,241
ENG455,1,1:30,3:00,R,227
ENG504,1,5:30,8:30,S,222
ENG505,1,9:30,12:30,A,227
ENG509,1,4:50,6:20,A,Reading Course
ENG516,1,5:30,8:30,M,227
ENG520,1,5:30,8:30,R,227
ENG522,1,5:30,8:30,T,227
ENG523,1,9:30,12:30,F,227
ENG599,1,1:00,1:10,F,Project
ETE101,1,3:10,4:40,M,436
ETE103,1,10:10,11:40,SR,AB2-403
ETE103LAB,1,8:00,10:00,M,533 (C. Lab-3)
ETE105,1,10:10,11:40,SR,AB2-403
ETE105LAB,1,8:00,10:00,M,533 (C. Lab-3)
ETE107,1,10:10,11:40,ST,AB1-602
ETE107LAB,1,8:00,10:00,M,548 (Electrical Circuit Lab)
ETE207,1,8:30,10:00,MW,212
ETE207LAB,1,10:10,12:10,T,548 (Electrical Circuit Lab)
ETE212,1,1:30,3:00,T,110
ETE212,1,1:30,3:00,R,111
ETE212LAB,1,8:00,10:00,T,547 (Electronics Lab)
ETE216,1,8:30,10:00,TR,436
ETE282,1,3:10,4:40,S,AB2-304
ETE282,1,3:10,4:40,R,220
ETE302,1,11:50,1:20,S,AB2-302
ETE302,1,11:50,1:20,R,220
ETE302LAB,1,1:30,3:30,T,450 (Networking Lab)
ETE310,1,10:10,11:40,TR,433
ETE311,1,8:30,10:00,MW,AB2-304
ETE311LAB,1,1:30,3:30,W,634 (Digital System Lab)
ETE312,1,1:30,3:00,MW,227
ETE314,1,1:30,3:00,MW,212
ETE314LAB,1,1:30,3:30,T,449 (Telecommunication Lab)
ETE316,1,3:10,4:40,SR,108
ETE316LAB,1,4:50,6:50,R,634 (Digital System Lab)
ETE322,1,8:30,10:00,MW,436
ETE322LAB,1,8:00,10:00,S,450 (Networking Lab)
ETE350,1,8:30,10:00,T,111
ETE350,1,8:30,10:00,R,226
ETE399,1,4:50,6:50,W,529 (C. Lab-1)
ETE401,1,10:10,11:40,R,110
ETE401,1,10:10,11:40,S,107
ETE401LAB,1,8:00,10:00,R,559 (VLSI Lab)
ETE420,1,3:10,4:40,SR,AB1-402
ETE420LAB,1,8:00,10:00,S,546 (Switch Gear and Control Lab)
ETE441,1,1:30,3:00,T,107
ETE441,1,1:30,3:00,R,AB2-304
ETE442,1,11:50,1:20,ST,435
ETE442LAB,1,1:30,3:30,W,449 (Telecommunication Lab)
ETE444,1,10:10,11:40,T,339
ETE444,1,10:10,11:40,R,AB1-502
ETE456,1,3:10,4:40,MW,217
ETE456LAB,1,8:00,10:00,W,449 (Telecommunication Lab)
ETE461,2,10:10,11:40,MW,AB1-501
ETE461LAB,2,8:00,10:00,W,530 (C. Lab-2)
ETE465,1,11:50,1:20,ST,110
ETE465LAB,1,4:50,6:50,T,450 (Networking Lab)
ETE470,1,10:10,11:40,MW,AB1-401
ETE470LAB,1,8:00,10:00,M,534 (C. Lab-4)
ETE498,1,1:00,2:00,A,Project
FIN101,1,3:10,4:40,MW,224
FIN101,2,8:30,10:00,S,AB1-802
FIN101,2,8:30,10:00,T,AB1-402
FIN101,3,1:30,3:00,R,435
FIN101,3,1:30,3:00,T,AB1-702
FIN101,4,11:50,1:20,S,226
FIN101,4,11:50,1:20,T,AB2-204
FIN101,5,3:10,4:40,MW,AB1-502
FIN101,6,11:50,1:20,ST,AB1-701
FIN101,7,11:50,1:20,MW,AB2-703
FIN101,8,3:10,4:40,T,437
FIN101,8,3:10,4:40,R,AB1-202
FIN201,1,8:30,10:00,MW,226
FIN201,2,1:30,3:00,MW,431
FIN201,3,10:10,11:40,MW,AB1-301
FIN201,4,1:30,3:00,T,AB2-703
FIN201,4,1:30,3:00,R,223
FIN201,5,10:10,11:40,S,435
FIN201,5,10:10,11:40,R,AB2-504
FIN201,6,3:10,4:40,R,430
FIN201,6,3:10,4:40,T,433
FIN201,7,3:10,4:40,MW,AB2-703
FIN335,1,11:50,1:20,ST,430
FIN335,2,11:50,1:20,MW,221
FIN380,1,10:10,11:40,R,115
FIN380,1,10:10,11:40,T,429
FIN408,1,8:30,10:00,MW,430
FIN410,1,8:30,10:00,ST,531
FIN425,1,3:10,4:40,SR,434
FIN425,2,10:10,11:40,SR,224
FIN435,1,11:50,1:20,MW,430
FIN435,2,1:30,3:00,ST,430
FIN465,1,10:10,11:40,S,429
FIN465,1,10:10,11:40,R,437
FIN465,2,3:10,4:40,TR,115
FIN501,1,6:30,9:30,A,109
FIN501,2,9:00,12:00,F,434
FIN501,3,3:00,6:00,F,114
FIN522,1,6:30,9:30,T,432
FIN523,1,6:30,9:30,M,113
FIN524,1,6:30,9:30,S,226
FIN525,1,9:00,12:00,F,113
GEB101,1,11:50,1:20,ST,112
GEB101,2,11:50,1:20,MW,112
GEB101,3,11:50,1:20,TR,102
GEB103,1,1:30,3:00,ST,AB2-704
GEB104,1,10:10,11:40,TR,107
GEB104Lab,1,4:50,6:50,M,804 (GEB Lab-1)
GEB105,1,3:10,4:40,MW,112
GEB201,1,11:50,1:20,TR,359
GEB201,2,10:10,11:40,R,112
GEB201,2,10:10,11:40,T,241
GEB201Lab,1,1:30,3:00,W,804 (GEB Lab-1)
GEB201Lab,2,3:10,4:40,T,804 (GEB Lab-1)
GEB202,1,3:10,4:40,SR,219
GEB202Lab,1,4:50,6:50,A,803 (GEB Lab-2)
GEB203,1,1:30,3:00,ST,113
GEB204,1,1:30,3:00,MW,AB2-503
GEB204Lab,1,1:30,3:30,S,533 (C. Lab-3)
GEB301,1,10:10,1:20,A,220
GEB304,1,11:50,1:20,MW,110
GEB304Lab,1,4:50,6:50,S,803 (GEB Lab-2)
GEB305,1,10:10,11:40,MW,AB2-703
GEB403,1,3:10,4:40,MW,AB2-702
GEB403LAB,1,4:50,6:50,R,804 (GEB Lab-1)
GEB406,1,10:10,11:40,W,529 (C. Lab-1)
GEB406,1,10:10,11:40,M,108
GEB407,1,1:30,3:00,TR,AB2-403
GEB410,1,3:10,4:40,SR,112
GEB423,1,1:30,3:00,MW,226
GEB426,1,11:50,4:40,A,219
GEB427,1,10:10,11:40,TR,AB2-503
GEB490,1,10:10,11:40,A,Project
GEB499,1,11:50,1:20,A,Research
GEN201,1,11:50,1:20,MW,114
GEN201,2,1:30,3:00,MW,114
GEN203,1,1:30,3:00,MW,217
GEN203,2,11:50,1:20,S,AB1-803
GEN203,2,11:50,1:20,T,AB2-504
GEN205,1,1:30,3:00,MW,AB2-703
GEN205,2,3:10,4:40,MW,AB2-606
GEN205,3,10:10,11:40,TR,114
GEN205,4,3:10,4:40,MW,114
GEN207,1,8:30,10:00,MW,109
GEN207,2,1:30,3:00,MW,225
GEN207,3,10:10,11:40,MW,109
GEN207,4,8:30,10:00,MW,113
GEN208,1,3:10,4:40,ST,227
GEN209,1,1:30,3:00,ST,AB1-302
GEN210,1,1:30,3:00,MW,112
GEN210,2,3:10,4:40,MW,115
GEN211,1,8:30,10:00,MW,AB1-702
GEN211,2,10:10,11:40,T,225
GEN211,2,10:10,11:40,R,531
GEN211,3,3:10,4:40,SR,AB1-302
GEN214,1,10:10,11:40,T,111
GEN214,1,10:10,11:40,R,109
GEN214,2,11:50,1:20,MW,AB1-202
GEN224,1,8:30,10:00,MW,107
GEN224,2,10:10,11:40,MW,107
GEN224,3,10:10,11:40,TR,113
GEN224,4,8:30,10:00,TR,113
GEN225,1,10:10,11:40,ST,AB1-401
GEN225,2,1:30,3:00,MW,AB1-502
GEN226,1,1:30,3:00,MW,223
GEN226,2,11:50,1:20,MW,222
GEN226,3,11:50,1:20,ST,217
GEN226,4,3:10,4:40,T,AB1-802
GEN226,4,3:10,4:40,R,222
GEN226,5,8:30,10:00,MW,AB1-601
GEN226,6,11:50,1:20,TR,109
GEN226,7,3:10,4:40,S,433
GEN226,7,3:10,4:40,R,429
GEN226,8,10:10,11:40,ST,219
GEN226,9,10:10,11:40,S,AB2-303
GEN226,9,10:10,11:40,R,AB1-702
GEN226,10,8:30,10:00,MW,AB1-402
GEN226,11,3:10,4:40,TR,113
GEN226,12,11:50,1:20,SR,437
GEN226,13,8:30,10:00,MW,217
GEN226,14,11:50,1:20,MW,339
GEN226,15,3:10,4:40,R,AB1-702
GEN226,15,3:10,4:40,T,429
GEN226,16,8:30,10:00,S,113
GEN226,16,8:30,10:00,R,112
GEN226,17,10:10,11:40,MW,AB2-302
GEN226,18,1:30,3:00,SR,225
GEN226,19,11:50,1:20,SR,337
GEN226,20,8:30,10:00,S,335
GEN226,20,8:30,10:00,R,429
GEN226,21,8:30,10:00,ST,AB1-302
GEN239,1,3:10,4:40,MW,219
GEN239,2,11:50,1:20,ST,225
GEN239,3,8:30,10:00,ST,212
HRM301,1,8:30,10:00,SR,225
HRM301,2,11:50,1:20,MW,224
HRM301,3,8:30,10:00,MW,222
HRM301,4,1:30,3:00,MW,107
HRM411,1,3:10,4:40,MW,429
HRM411,2,1:30,3:00,MW,429
HRM412,1,8:30,10:00,SR,224
HRM412,2,3:10,4:40,TR,114
HRM413,1,11:50,1:20,MW,113
HRM415,1,10:10,11:40,MW,224
HRM415,2,3:10,4:40,ST,107
HRM416,1,8:30,10:00,MW,432
HRM417,1,10:10,11:40,TR,534 (C. Lab-4)
HRM418,1,11:50,1:20,ST,224
HRM418,2,3:10,4:40,TR,431
HRM419,1,11:50,1:20,ST,531
HRM421,1,1:30,3:00,ST,221
HRM501,1,6:30,9:30,T,435
HRM501,2,3:00,6:00,F,225
HRM501,3,6:30,9:30,A,225
HRM502,1,6:30,9:30,F,111
HRM521,1,6:30,9:30,F,111
HRM524,1,6:30,9:30,S,111
ICE101,1,3:10,4:40,M,436
ICE103,1,11:50,1:20,S,AB2-403
ICE103,1,11:50,1:20,R,217
ICE103,2,8:30,10:00,MW,AB2-203
ICE103LAB,1,4:50,6:50,S,529 (C. Lab-1)
ICE103LAB,2,4:50,6:50,R,529 (C. Lab-1)
ICE105,1,11:50,1:20,S,AB2-403
ICE105,1,11:50,1:20,R,217
ICE105LAB,1,4:50,6:50,S,529 (C. Lab-1)
ICE107,1,11:50,1:20,S,534 (C. Lab-4)
ICE107,1,11:50,1:20,T,AB1-803
ICE107,2,10:10,11:40,MW,AB1-501
ICE107LAB,1,8:00,10:00,T,529 (C. Lab-1)
ICE107LAB,2,8:00,10:00,W,530 (C. Lab-2)
ICE109,1,11:50,1:20,S,AB1-202
ICE109,1,11:50,1:20,T,450 (Networking Lab)
ICE109LAB,1,1:30,3:30,S,548 (Electrical Circuit Lab)
ICE207,1,3:10,4:40,ST,430
ICE207,2,10:10,11:40,MW,435
ICE207LAB,1,8:00,10:00,M,529 (C. Lab-1)
ICE207LAB,2,8:00,10:00,S,530 (C. Lab-2)
ICE209,1,8:30,10:00,TR,436
ICE245,1,11:50,1:20,MW,108
ICE245LAB,1,1:30,3:30,M,529 (C. Lab-1)
ICE251,1,11:50,1:20,S,102
ICE251,1,11:50,1:20,R,212
ICE251LAB,1,1:30,3:30,W,547 (Electronics Lab)
ICE275,1,1:30,3:00,S,109
ICE275,1,1:30,3:00,T,359
ICE301,1,11:50,1:20,ST,110
ICE301LAB,1,4:50,6:50,T,450 (Networking Lab)
ICE302,1,10:10,11:40,MW,436
ICE302LAB,1,8:00,10:00,W,450 (Networking Lab)
ICE310,1,10:10,11:40,TR,433
ICE311,1,8:30,10:00,MW,AB2-304
ICE311LAB,1,1:30,3:30,W,634 (Digital System Lab)
ICE312,1,1:30,3:00,MW,227
ICE314,1,10:10,11:40,ST,AB2-405
ICE314LAB,1,10:10,12:10,R,449 (Telecommunication Lab)
ICE316,1,1:30,3:00,SR,110
ICE316LAB,1,4:50,6:50,S,634 (Digital System Lab)
ICE322,1,11:50,1:20,MW,435
ICE322LAB,1,1:30,3:30,M,450 (Networking Lab)
ICE350,1,8:30,10:00,T,111
ICE350,1,8:30,10:00,R,226
ICE399,1,4:50,6:50,W,529 (C. Lab-1)
ICE441,1,1:30,3:00,T,AB2-203
ICE441,1,1:30,3:00,R,112
ICE442,1,11:50,1:20,ST,435
ICE442LAB,1,1:30,3:30,W,449 (Telecommunication Lab)
ICE444,1,10:10,11:40,T,339
ICE444,1,10:10,11:40,R,AB1-502
ICE450,1,8:30,10:00,S,109
ICE450,1,8:30,10:00,R,335
ICE450LAB,1,4:50,6:50,T,529 (C. Lab-1)
ICE456,1,3:10,4:40,MW,217
ICE456LAB,1,8:00,10:00,W,449 (Telecommunication Lab)
ICE470,1,10:10,11:40,MW,AB1-401
ICE470LAB,1,8:00,10:00,M,534 (C. Lab-4)
ICE475,1,3:10,4:40,ST,436
ICE498,1,1:00,1:10,F,Project
ISL101,1,10:10,11:40,MW,112
ISL103,1,3:10,4:40,MW,AB1-802
ISL201,1,10:10,11:40,MW,AB1-802
ISL204,1,10:10,11:40,ST,AB1-802
ISL205,1,8:30,10:00,TR,AB1-802
ISL206,1,3:10,4:40,MW,AB1-803
ISL207,1,1:30,3:00,ST,AB1-802
ISL208,1,3:10,4:40,TR,AB1-701
ISL304,1,10:10,11:40,MW,AB1-803
ISL305,1,10:10,11:40,ST,AB1-803
ISL306,1,8:30,10:00,MW,AB2-404
ISL307,1,8:30,10:00,SR,AB1-803
ISL308,1,1:30,3:00,MW,AB1-701
ISL309,1,3:10,4:40,ST,AB1-702
ISL309LAB,1,12:00,2:00,S,AB1-703 (Classification Lab)
ISL310,1,8:30,10:00,R,AB1-502
ISL310,1,8:30,10:00,T,AB1-702
ISL310Lab,1,4:00,6:00,R,530 (C. Lab-2)
ISL311,1,3:10,4:40,ST,AB1-803
ISL401,1,3:10,4:40,MW,AB1-701
ISL402,1,1:30,3:00,A,Reading Course
ISL403,1,1:30,3:00,SR,AB1-702
ISL405,1,11:50,1:20,MW,AB1-803
ISL405Lab,1,8:00,10:00,S,529 (C. Lab-1)
ISL407,1,1:30,3:00,W,AB1-501
ISL407,1,3:10,4:40,M,AB1-702
ISL407Lab,1,3:01,5:00,W,AB1-901 (C. Lab-ISLM)
ISL408,1,3:10,4:40,SR,AB1-802
ISL408Lab,1,12:00,2:00,R,530 (C. Lab-2)
ISL409,1,4:50,6:20,R,Reading Course
ISL409LAB,1,8:00,10:00,T,AB1-901 (C. Lab-ISLM)
ISL498,1,8:00,10:00,F,Project
ITB301,1,1:30,3:00,MW,436
ITB301,2,10:10,11:40,TR,436
ITB301,3,1:30,3:00,T,AB1-803
ITB301,3,1:30,3:00,R,AB1-701
ITB301,4,3:10,4:40,MW,AB1-302
ITB301,5,11:50,1:20,MW,AB2-502
LAW101,1,3:10,4:40,MW,223
LAW101,2,10:10,11:40,MW,AB2-404
LAW102,1,3:10,4:40,MW,336
LAW102,2,11:50,1:20,S,AB2-603
LAW102,2,11:50,1:20,R,339
LAW103,1,1:30,3:00,ST,AB1-202
LAW104,1,3:10,4:40,SR,AB1-502
LAW104,2,3:10,4:40,MW,AB2-403
LAW105,1,11:50,1:20,S,AB2-404
LAW105,1,11:50,1:20,R,227
LAW106,1,3:10,4:40,MW,AB2-205
LAW107,1,1:30,3:00,MW,AB2-404
LAW107,2,3:10,4:40,S,358
LAW107,2,3:10,4:40,T,359
LAW108,1,11:50,1:20,ST,AB2-703
LAW108,2,10:10,11:40,MW,AB2-403
LAW201,1,10:10,11:40,S,113
LAW201,1,10:10,11:40,R,358
LAW201,2,1:30,3:00,S,220
LAW201,2,1:30,3:00,R,358
LAW202,1,11:50,1:20,ST,AB1-501
LAW203,1,8:30,10:00,MW,AB2-303
LAW204,1,3:10,4:40,MW,337
LAW205,1,4:50,6:20,MW,AB1-401
LAW205,2,11:50,1:20,SR,AB2-204
LAW206,1,8:30,10:00,MW,AB2-405
LAW206,2,11:50,1:20,T,AB2-304
LAW206,2,11:50,1:20,S,AB2-304
LAW207,1,11:50,1:20,TR,AB2-603
LAW207,2,1:30,3:00,MW,AB2-603
LAW208,1,11:50,1:20,T,AB2-302
LAW208,1,11:50,1:20,R,432
LAW209,1,8:30,10:00,MW,429
LAW302,1,4:50,6:20,MW,222
LAW303,1,3:10,4:40,ST,AB1-202
LAW304,1,10:10,11:40,T,AB1-302
LAW304,1,10:10,11:40,R,AB1-402
LAW305,1,10:10,11:40,S,AB2-304
LAW305,1,10:10,11:40,T,AB2-404
LAW306,1,11:50,1:20,S,AB1-502
LAW306,1,11:50,1:20,R,115
LAW306,2,10:10,11:40,TR,AB2-304
LAW307,1,10:10,11:40,MW,AB2-405
LAW308,1,8:30,10:00,S,336
LAW308,1,8:30,10:00,R,431
LAW309,1,1:30,3:00,MW,222
LAW310,1,8:30,10:00,MW,AB1-201
LAW311,1,8:30,10:00,ST,431
LAW312,1,3:10,4:40,TR,AB1-501
LAW401,1,3:10,4:40,T,AB2-205
LAW401,1,3:10,4:40,S,113
LAW402,1,11:50,1:20,MW,AB1-701
LAW403,1,11:50,1:20,MW,AB2-606
LAW404,1,11:50,1:20,S,AB1-802
LAW404,1,11:50,1:20,R,111
LAW405,1,8:30,10:00,MW,AB1-202
LAW406,1,1:00,1:10,F,Project
LAW407,1,1:30,3:00,ST,AB2-404
LAW408,1,1:30,4:40,A,222
LAW409,1,4:50,6:20,TR,223
LF701,1,9:45,12:15,F,430
LF701,2,3:00,5:30,F,431
LF702,1,6:30,9:00,T,437
LF702,2,6:00,8:30,F,431
LF703,1,3:30,6:00,A,534 (C. Lab-4)
LF703,2,6:30,9:00,T,530 (C. Lab-2)
LF704,1,6:00,8:30,F,430
LF704,2,9:45,12:15,F,431
LF705,1,6:30,9:00,A,430
LF705,2,6:30,9:00,A,431
LF706,1,3:00,5:30,F,430
LF706,2,3:30,6:00,A,431
LF802,1,9:45,12:15,F,432
LF802,2,6:30,9:00,T,433
LF804,1,3:00,5:30,F,432
LF804,2,3:30,6:00,A,433
LF807,1,6:00,8:30,F,432
LF807,2,6:00,8:30,F,433
LF808,1,3:30,6:00,A,432
LF808,2,6:30,9:00,A,433
LF809,1,6:30,9:00,T,430
LF809,2,3:00,5:30,F,433
LF810,1,6:30,9:00,A,432
LF810,2,9:45,12:15,F,433
LF901,1,10:01,10:02,R,Research
LLM504,1,3:05,5:55,A,111
LLM505,1,12:05,3:05,F,436
LLM506,1,9:00,12:00,F,109
LLM507,1,9:00,12:00,A,435
LLM509,1,12:00,2:59,A,434
LLM510,1,9:00,12:00,F,337
LLM512,1,3:06,6:06,F,434
LLM513,1,12:01,3:01,A,436
LLM514,1,6:00,9:00,A,434
LLM515,1,6:00,9:00,R,429
MAT100,1,8:30,10:00,MW,338
MAT100,2,8:30,10:00,MW,AB1-803
MAT100,3,8:30,10:00,S,AB1-702
MAT100,3,8:30,10:00,T,339
MAT100,4,1:30,3:00,ST,223
MAT100,5,10:10,11:40,MW,338
MAT100,6,10:10,11:40,ST,223
MAT100,7,8:30,10:00,MW,219
MAT100,8,1:30,3:00,MW,AB2-203
MAT100,9,11:50,1:20,MW,AB2-603
MAT100,10,1:30,3:00,S,AB2-303
MAT100,10,1:30,3:00,T,AB1-402
MAT100,11,10:10,11:40,MW,AB2-304
MAT101,1,11:50,1:20,TR,AB1-202
MAT101,2,10:10,11:40,ST,AB1-502
MAT101,3,11:50,1:20,TR,AB1-502
MAT101,4,11:50,1:20,TR,AB1-302
MAT101,5,8:30,10:00,MW,AB1-502
MAT101,6,11:50,1:20,MW,AB1-402
MAT101,7,8:30,10:00,SR,AB1-402
MAT101,8,11:50,1:20,ST,AB1-602
MAT101,9,1:30,3:00,MW,AB1-402
MAT101,10,10:10,11:40,MW,AB1-502
MAT101,11,10:10,11:40,ST,AB1-501
MAT101,12,8:30,10:00,SR,111
MAT101,13,1:30,3:00,ST,358
MAT101,14,11:50,1:20,MW,437
MAT101,15,10:10,11:40,MW,AB3-201
MAT101,16,1:30,3:00,MW,AB2-204
MAT101,17,3:10,4:40,TR,AB2-603
MAT102,1,8:30,10:00,ST,AB1-202
MAT102,2,11:50,1:20,T,AB2-503
MAT102,2,11:50,1:20,R,225
MAT102,3,10:10,11:40,ST,358
MAT102,4,8:30,10:00,MW,359
MAT102,5,8:30,10:00,MW,AB1-302
MAT102,6,10:10,11:40,T,336
MAT102,6,10:10,11:40,R,AB1-202
MAT102,7,11:50,1:20,MW,109
MAT102,8,3:10,4:40,MW,109
MAT102,9,11:50,1:20,MW,107
MAT102,10,3:10,4:40,MW,111
MAT104,1,10:10,11:40,MW,114
MAT104,2,1:30,3:00,MW,113
MAT104,3,8:30,10:00,ST,435
MAT104,4,11:50,1:20,ST,433
MAT104,5,1:30,3:00,S,436
MAT104,5,1:30,3:00,T,AB2-503
MAT104,6,3:10,4:40,MW,AB1-402
MAT104,7,11:50,1:20,SR,113
MAT104,8,8:30,10:00,SR,114
MAT110,1,1:30,3:00,TR,434
MAT110,2,3:10,4:40,TR,337
MAT110,3,8:30,10:00,MW,336
MAT110,4,10:10,11:40,MW,227
MAT110,5,1:30,3:00,TR,436
MAT110,6,11:50,1:20,MW,AB1-802
MAT110,7,11:50,1:20,MW,AB1-302
MAT110,8,10:10,11:40,TR,335
MAT110,9,1:30,3:00,SR,337
MAT110,10,10:10,11:40,SR,338
MAT110,11,1:30,3:00,T,109
MAT110,11,1:30,3:00,R,AB1-803
MAT205,3,8:30,10:00,MW,435
MAT205,4,11:50,1:20,MW,359
MAT205,5,1:30,3:00,S,AB2-204
MAT205,5,1:30,3:00,R,AB1-502
MAT205,6,1:30,3:00,MW,AB1-602
MAT205,7,11:50,1:20,ST,AB1-601
MAT211,1,10:10,11:40,SR,339
MAT211,2,10:10,11:40,S,AB2-703
MAT211,2,10:10,11:40,R,AB2-302
MAT211,3,1:30,3:00,MW,337
MAT211,4,8:30,10:00,T,335
MAT211,4,8:30,10:00,R,430
MAT211,5,11:50,1:20,MW,335
MAT211,6,3:10,4:40,S,337
MAT211,6,3:10,4:40,R,336
MBA-501,1,3:00,6:00,F,112
MBA-501,2,6:30,9:30,A,435
MBA-502,1,6:30,9:30,A,437
MBA-502,2,6:30,9:30,T,111
MBA-503,1,6:30,9:30,A,114
MBA-503,2,6:30,9:30,T,109
MBA-503,3,6:30,9:30,M,223
MBA-503,4,6:30,9:30,F,112
MBA-504,1,6:30,9:30,A,111
MBA-504,2,6:30,9:30,M,434
MBA-505,1,6:30,9:30,M,102
MBA-505,2,6:30,9:30,T,219
MBA-505,3,9:00,12:00,F,112
MBA-505,4,6:30,9:30,A,112
MBA-506,1,6:30,9:30,S,112
MBA-506,2,6:30,9:30,T,112
MBA-508,1,6:30,9:30,A,115
MBA-508,2,6:30,9:30,M,109
MBA-509,1,9:00,12:00,F,111
MBA-509,2,6:30,9:30,S,108
MBA-510,1,3:00,6:00,F,113
MBA-510,2,6:15,9:15,F,113
MBA-511,1,6:30,9:30,S,102
MBA-511,2,6:30,9:30,F,102
MBA-511,3,6:30,9:30,T,107
MBA-512,1,6:30,9:30,F,339
MBA-512,2,6:30,9:30,M,226
MBA-513,1,6:30,9:30,S,115
MBA600,3,9:00,12:00,F,114
MBM509,1,6:30,9:30,A,110
MBM510,1,6:30,9:30,M,435
MDS502,1,12:10,3:10,A,337
MDS510,1,3:20,6:20,A,336
MDS511,1,10:00,1:00,F,338
MDS531,1,9:00,12:00,A,336
MDS550,1,9:00,12:00,A,338
MDS695,1,4:50,6:20,R,Project
MDS699,1,8:00,9:00,M,Research
MGT101,1,1:30,3:00,MW,338
MGT101,2,3:10,4:40,MW,432
MGT101,3,1:30,3:00,SR,107
MGT101,4,10:10,11:40,MW,225
MGT101,5,3:10,4:40,MW,AB1-602
MGT101,6,11:50,1:20,MW,AB2-203
MGT251,1,11:50,1:20,MW,338
MGT251,2,11:50,1:20,ST,227
MGT251,3,8:30,10:00,SR,219
MGT251,4,11:50,1:20,S,222
MGT251,4,11:50,1:20,T,226
MGT251,5,3:10,4:40,MW,113
MGT337,1,10:10,11:40,MW,336
MGT337,2,1:30,3:00,ST,336
MGT337,3,11:50,1:20,MW,AB1-502
MGT337,4,1:30,3:00,SR,429
MGT480,1,11:50,1:20,MW,436
MGT480,2,1:30,3:00,TR,433
MGT480,3,1:30,3:00,ST,338
MGT480,4,8:30,10:00,MW,224
MGT480,5,11:50,1:20,ST,114
MGT526,1,6:30,9:30,A,113
MGT600,1,6:30,9:30,S,109
MGT600,2,3:00,6:00,F,115
MGT600,3,9:00,12:00,F,114
MGT600,4,6:30,9:30,T,223
MIS101,1,11:50,1:20,M,530 (C. Lab-2)
MIS101,1,11:50,1:20,W,533 (C. Lab-3)
MIS101,2,3:10,4:40,M,530 (C. Lab-2)
MIS101,2,3:10,4:40,W,530 (C. Lab-2)
MIS101,3,11:50,1:20,S,335
MIS101,3,11:50,1:20,T,529 (C. Lab-1)
MIS101,4,1:30,3:00,R,529 (C. Lab-1)
MIS101,4,1:30,3:00,T,529 (C. Lab-1)
MIS101,5,10:10,11:40,R,530 (C. Lab-2)
MIS101,5,10:10,11:40,S,335
MIS101,6,1:30,3:00,M,530 (C. Lab-2)
MIS101,6,1:30,3:00,W,534 (C. Lab-4)
MIS101,7,10:10,11:40,S,534 (C. Lab-4)
MIS101,7,10:10,11:40,R,219
MIS101,8,10:10,11:40,S,530 (C. Lab-2)
MIS101,8,10:10,11:40,R,AB1-601
MIS101,9,1:30,3:00,T,533 (C. Lab-3)
MIS101,9,1:30,3:00,R,534 (C. Lab-4)
MIS305,1,11:50,1:20,M,212
MIS305,1,11:50,1:20,W,529 (C. Lab-1)
MIS305,2,3:10,4:40,M,212
MIS305,2,3:10,4:40,W,534 (C. Lab-4)
MIS305,3,3:10,4:40,R,529 (C. Lab-1)
MIS305,3,3:10,4:40,T,529 (C. Lab-1)
MIS305,4,1:30,3:00,MW,533 (C. Lab-3)
MIS305,5,3:10,4:40,R,534 (C. Lab-4)
MIS305,5,3:10,4:40,S,530 (C. Lab-2)
MIS305,6,11:50,1:20,T,530 (C. Lab-2)
MIS305,6,11:50,1:20,S,AB1-201
MIS305,7,11:50,1:20,W,530 (C. Lab-2)
MIS305,7,11:50,1:20,M,AB2-205
MIS401,1,11:50,1:20,S,530 (C. Lab-2)
MIS401,1,11:50,1:20,T,533 (C. Lab-3)
MIS402,1,10:10,11:40,MW,534 (C. Lab-4)
MIS403,1,3:10,4:40,MW,533 (C. Lab-3)
MIS406,1,8:30,11:40,A,AB2-704
MIS410,1,8:30,10:00,S,533 (C. Lab-3)
MIS410,1,8:30,10:00,R,534 (C. Lab-4)
MIS419,1,1:30,3:00,ST,530 (C. Lab-2)
MIS501,1,6:30,9:30,M,435
MIS501,2,9:00,12:00,F,110
MIS501,3,6:30,9:30,T,434
MKT101,1,3:10,4:40,MW,338
MKT101,2,3:10,4:40,MW,107
MKT101,3,3:10,4:40,S,225
MKT101,3,3:10,4:40,T,226
MKT101,4,11:50,1:20,ST,111
MKT101,5,1:30,3:00,R,219
MKT101,5,1:30,3:00,T,225
MKT101,6,10:10,11:40,S,433
MKT101,6,10:10,11:40,R,430
MKT101,7,8:30,10:00,TR,AB1-701
MKT201,1,10:10,11:40,SR,336
MKT201,2,3:10,4:40,R,111
MKT201,2,3:10,4:40,T,112
MKT201,3,3:10,4:40,MW,431
MKT201,4,8:30,10:00,MW,111
MKT201,5,10:10,11:40,SR,241
MKT201,6,8:30,10:00,MW,AB1-602
MKT201,7,11:50,1:20,W,AB2-205
MKT201,7,11:50,1:20,M,AB1-702
MKT401,1,1:30,3:00,R,338
MKT401,1,1:30,3:00,S,224
MKT401,2,1:30,3:00,MW,531
MKT402,1,3:10,4:40,ST,221
MKT408,1,1:30,3:00,SR,AB1-301
MKT408,2,11:50,1:20,MW,217
MKT410,1,10:10,11:40,SR,AB1-302
MKT410,2,8:30,10:00,MW,431
MKT412,1,8:30,10:00,ST,430
MKT412,2,10:10,11:40,MW,430
MKT414,1,3:10,4:40,T,219
MKT414,1,3:10,4:40,S,531
MKT414,2,11:50,1:20,ST,107
MKT416,1,10:10,11:40,R,431
MKT416,1,10:10,11:40,S,AB1-402
MKT416,2,3:10,4:40,ST,109
MKT418,1,11:50,1:20,MW,433
MKT430,1,3:10,4:40,MW,434
MKT501,1,6:30,9:30,M,114
MKT501,2,6:30,9:30,T,114
MKT501,3,6:30,9:30,A,226
MKT501,4,6:30,9:30,S,336
MKT503,1,9:00,12:00,F,108
MKT504,1,6:30,9:30,T,113
MKT513,1,6:30,9:30,M,115
MKT521,1,6:30,9:30,T,113
MKT523,1,6:30,9:30,S,114
MKT525,1,6:30,9:30,M,115
MKT527,1,9:00,12:00,F,108
MSE606,1,3:00,6:00,F,339
OPM501,1,6:30,9:30,T,115
OPM501,2,6:30,9:30,S,432
OPM501,3,3:00,6:00,F,111
OPM523,1,6:30,9:30,A,107
OPM525,1,6:30,9:30,F,110
PHRM000,1,8:30,5:00,STRMW,AB1-901 (C. Lab-ISLM)
PHRM101,1,1:40,2:40,S,331 (Reserved for Pharmacy only)
PHRM101,1,1:40,2:40,R,819 (Reserved for Pharmacy only)
PHRM101,2,12:30,1:30,R,332 (Reserved for Pharmacy only)
PHRM101,2,10:10,11:10,S,332 (Reserved for Pharmacy only)
PHRM101,3,11:20,12:20,T,333 (Reserved for Pharmacy only)
PHRM101,3,11:20,12:20,R,817 (Reserved for Pharmacy only)
PHRM101,4,12:30,1:30,ST,334 (Reserved for Pharmacy only)
PHRM102,1,10:10,11:10,MW,331 (Reserved for Pharmacy only)
PHRM102,2,11:20,12:20,MW,331 (Reserved for Pharmacy only)
PHRM102,3,1:40,2:40,MW,331 (Reserved for Pharmacy only)
PHRM103,1,12:30,1:30,ST,331 (Reserved for Pharmacy only)
PHRM103,2,11:20,12:20,SR,332 (Reserved for Pharmacy only)
PHRM103,3,1:40,2:40,TR,333 (Reserved for Pharmacy only)
PHRM103,4,11:20,12:20,T,334 (Reserved for Pharmacy only)
PHRM103,4,1:40,2:40,S,334 (Reserved for Pharmacy only)
PHRM201,1,10:10,11:10,ST,333 (Reserved for Pharmacy only)
PHRM201,2,11:20,12:20,T,331 (Reserved for Pharmacy only)
PHRM201,2,11:20,12:20,S,334 (Reserved for Pharmacy only)
PHRM201,3,12:30,1:30,SR,333 (Reserved for Pharmacy only)
PHRM202,1,10:10,11:10,SR,331 (Reserved for Pharmacy only)
PHRM202,2,10:10,11:10,TR,332 (Reserved for Pharmacy only)
PHRM202,3,11:20,12:20,SR,333 (Reserved for Pharmacy only)
PHRM202,4,1:40,2:40,TR,334 (Reserved for Pharmacy only)
PHRM203,1,11:20,12:20,MW,334 (Reserved for Pharmacy only)
PHRM203,2,1:40,2:40,MW,333 (Reserved for Pharmacy only)
PHRM203,3,2:50,3:50,MW,331 (Reserved for Pharmacy only)
PHRM204,1,11:20,12:20,SR,331 (Reserved for Pharmacy only)
PHRM204,2,10:10,11:10,ST,334 (Reserved for Pharmacy only)
PHRM204,3,12:30,1:30,ST,332 (Reserved for Pharmacy only)
PHRM204,4,11:20,12:20,T,332 (Reserved for Pharmacy only)
PHRM204,4,11:20,12:20,R,816 (Reserved for Pharmacy only)
PHRM205,1,10:10,11:10,S,816 (Reserved for Pharmacy only)
PHRM205,1,10:10,11:10,R,817 (Reserved for Pharmacy only)
PHRM205,2,1:40,2:40,R,331 (Reserved for Pharmacy only)
PHRM205,2,1:40,2:40,T,331 (Reserved for Pharmacy only)
PHRM205,3,1:40,2:40,S,333 (Reserved for Pharmacy only)
PHRM205,3,10:10,11:10,T,819 (Reserved for Pharmacy only)
PHRM205,4,4:00,5:00,ST,334 (Reserved for Pharmacy only)
PHRM206,1,2:50,3:50,MW,333 (Reserved for Pharmacy only)
PHRM206,2,2:50,3:50,MW,332 (Reserved for Pharmacy only)
PHRM206,3,1:40,2:40,MW,334 (Reserved for Pharmacy only)
PHRM207,1,11:20,12:20,SR,819 (Reserved for Pharmacy only)
PHRM207,2,10:10,11:10,ST,817 (Reserved for Pharmacy only)
PHRM207,3,12:30,1:30,SR,819 (Reserved for Pharmacy only)
PHRM208,1,10:10,11:10,MW,332 (Reserved for Pharmacy only)
PHRM208,2,12:30,1:30,MW,332 (Reserved for Pharmacy only)
PHRM208,3,1:40,2:40,MW,819 (Reserved for Pharmacy only)
PHRM208,4,4:00,5:00,MW,331 (Reserved for Pharmacy only)
PHRM209,1,11:20,12:20,MW,333 (Reserved for Pharmacy only)
PHRM209,2,12:30,1:30,MW,331 (Reserved for Pharmacy only)
PHRM209,3,10:10,11:10,MW,816 (Reserved for Pharmacy only)
PHRM210,1,1:40,2:40,MW,332 (Reserved for Pharmacy only)
PHRM210,2,10:10,11:10,MW,334 (Reserved for Pharmacy only)
PHRM210,3,12:30,1:30,MW,334 (Reserved for Pharmacy only)
PHRM211,1,10:10,11:10,MW,819 (Reserved for Pharmacy only)
PHRM211,2,11:20,12:20,MW,819 (Reserved for Pharmacy only)
PHRM211,3,11:20,12:20,MW,816 (Reserved for Pharmacy only)
PHRM301,2,2:50,3:50,SR,332 (Reserved for Pharmacy only)
PHRM301,3,2:50,3:50,R,331 (Reserved for Pharmacy only)
PHRM301,3,2:50,3:50,T,332 (Reserved for Pharmacy only)
PHRM302,2,12:30,1:30,T,333 (Reserved for Pharmacy only)
PHRM302,2,10:10,11:10,R,333 (Reserved for Pharmacy only)
PHRM302,3,1:40,2:40,T,816 (Reserved for Pharmacy only)
PHRM302,3,1:40,2:40,S,817 (Reserved for Pharmacy only)
PHRM303,2,2:50,3:50,T,333 (Reserved for Pharmacy only)
PHRM303,2,12:30,1:30,R,334 (Reserved for Pharmacy only)
PHRM303,3,1:40,2:40,R,332 (Reserved for Pharmacy only)
PHRM303,3,2:50,3:50,S,333 (Reserved for Pharmacy only)
PHRM304,2,2:50,3:50,MW,334 (Reserved for Pharmacy only)
PHRM304,3,12:30,1:30,MW,817 (Reserved for Pharmacy only)
PHRM305,1,12:30,1:30,R,817 (Reserved for Pharmacy only)
PHRM305,1,12:30,1:30,T,819 (Reserved for Pharmacy only)
PHRM305,2,2:50,3:50,T,334 (Reserved for Pharmacy only)
PHRM305,2,10:10,11:10,R,819 (Reserved for Pharmacy only)
PHRM305,3,2:50,3:50,ST,331 (Reserved for Pharmacy only)
PHRM305,4,9:00,10:00,MW,333 (Reserved for Pharmacy only)
PHRM306,1,4:00,5:00,ST,332 (Reserved for Pharmacy only)
PHRM306,2,11:20,12:20,ST,817 (Reserved for Pharmacy only)
PHRM307,1,12:30,1:30,MW,816 (Reserved for Pharmacy only)
PHRM307,2,1:40,2:40,MW,816 (Reserved for Pharmacy only)
PHRM308,1,2:50,3:50,R,334 (Reserved for Pharmacy only)
PHRM308,1,2:50,3:50,S,817 (Reserved for Pharmacy only)
PHRM308,2,4:00,5:00,ST,331 (Reserved for Pharmacy only)
PHRM308,3,4:00,5:00,ST,817 (Reserved for Pharmacy only)
PHRM309,1,2:50,3:50,MW,817 (Reserved for Pharmacy only)
PHRM309,2,11:20,12:20,MW,332 (Reserved for Pharmacy only)
PHRM310,2,2:50,3:50,TR,817 (Reserved for Pharmacy only)
PHRM310,3,12:30,1:30,ST,817 (Reserved for Pharmacy only)
PHRM311,1,1:40,2:40,MW,817 (Reserved for Pharmacy only)
PHRM311,2,9:00,10:00,MW,819 (Reserved for Pharmacy only)
PHRM311,3,4:00,5:00,MW,817 (Reserved for Pharmacy only)
PHRM312,1,2:50,3:50,MW,816 (Reserved for Pharmacy only)
PHRM312,2,4:00,5:00,MW,332 (Reserved for Pharmacy only)
PHRM401,1,9:00,10:00,SR,331 (Reserved for Pharmacy only)
PHRM401,2,4:00,5:00,ST,333 (Reserved for Pharmacy only)
PHRM401,3,9:00,10:00,T,331 (Reserved for Pharmacy only)
PHRM401,3,11:20,12:20,R,334 (Reserved for Pharmacy only)
PHRM402,1,2:50,3:50,T,816 (Reserved for Pharmacy only)
PHRM402,1,2:50,3:50,R,819 (Reserved for Pharmacy only)
PHRM402,2,9:00,10:00,SR,333 (Reserved for Pharmacy only)
PHRM403,1,9:00,10:00,MW,817 (Reserved for Pharmacy only)
PHRM403,2,10:10,11:10,MW,817 (Reserved for Pharmacy only)
PHRM404,1,9:00,5:00,F,Research
PHRM404,1,10:10,11:10,F,Research
PHRM405,1,2:50,3:50,ST,819 (Reserved for Pharmacy only)
PHRM405,2,4:00,5:00,ST,819 (Reserved for Pharmacy only)
PHRM406,1,9:00,10:00,ST,334 (Reserved for Pharmacy only)
PHRM406,2,10:10,11:10,TR,816 (Reserved for Pharmacy only)
PHRM409,1,10:10,11:10,MW,333 (Reserved for Pharmacy only)
PHRM409,2,12:30,1:30,MW,333 (Reserved for Pharmacy only)
PHRM410,2,2:50,3:50,MW,819 (Reserved for Pharmacy only)
PHRM411,1,1:40,2:40,ST,819 (Reserved for Pharmacy only)
PHRM411,2,9:00,10:00,SR,816 (Reserved for Pharmacy only)
PHRM411,3,9:00,10:00,SR,817 (Reserved for Pharmacy only)
PHRM412,2,1:40,2:40,TR,817 (Reserved for Pharmacy only)
PHRM413,1,11:20,12:20,MW,817 (Reserved for Pharmacy only)
PHRM414,2,12:30,1:30,ST,816 (Reserved for Pharmacy only)
PHRM414,3,4:00,5:00,MW,333 (Reserved for Pharmacy only)
PHRM510,1,4:30,6:45,A,333 (Reserved for Pharmacy only)
PHRM511,1,7:00,9:15,R,332 (Reserved for Pharmacy only)
PHRM513,1,7:00,9:15,A,334 (Reserved for Pharmacy only)
PHRM520,1,10:10,12:15,F,333 (Reserved for Pharmacy only)
PHRM521,1,7:00,9:15,A,333 (Reserved for Pharmacy only)
PHRM522,1,3:00,5:15,F,333 (Reserved for Pharmacy only)
PHRM530,1,10:00,12:15,F,334 (Reserved for Pharmacy only)
PHRM531,1,4:50,6:20,F,Project
PHRM532,1,7:00,9:15,S,333 (Reserved for Pharmacy only)
PHY100,1,8:30,10:00,MW,221
PHY100,2,8:30,10:00,ST,AB2-504
PHY100,3,3:10,4:40,TR,AB2-404
PHY107,1,11:50,1:20,ST,358
PHY107,2,8:30,10:00,MW,358
PHY107Lab,1,4:50,6:50,M,460 (Physics Lab)
PHY107Lab,2,4:50,6:50,W,460 (Physics Lab)
PHY108,1,10:10,11:40,T,108
PHY108,1,10:10,11:40,R,102
PHY108Lab,1,8:00,10:00,T,460 (Physics Lab)
PHY109,1,10:10,11:40,ST,359
PHY109,2,10:10,11:40,MW,359
PHY109,3,1:30,3:00,SR,359
PHY109,4,1:30,3:00,ST,AB2-302
PHY109,5,11:50,1:20,MW,AB1-401
PHY109,6,1:30,3:00,TR,102
PHY109,7,3:10,4:40,T,108
PHY109,7,3:10,4:40,R,107
PHY109,8,1:30,3:00,S,108
PHY109,8,1:30,3:00,R,109
PHY109Lab,1,1:30,3:30,M,460 (Physics Lab)
PHY109Lab,2,1:30,3:30,T,460 (Physics Lab)
PHY109Lab,3,1:30,3:30,W,460 (Physics Lab)
PHY109Lab,4,8:00,10:00,S,460 (Physics Lab)
PHY109Lab,5,10:10,12:10,T,460 (Physics Lab)
PHY109Lab,6,4:50,6:50,T,460 (Physics Lab)
PHY109Lab,7,4:50,6:50,R,460 (Physics Lab)
PHY109Lab,8,4:50,6:50,S,460 (Physics Lab)
PHY208,1,11:50,1:20,TR,108
PHY208Lab,1,8:00,10:00,R,460 (Physics Lab)
PHY209,1,8:30,10:00,ST,358
PHY209,2,11:50,1:20,MW,358
PHY209,3,8:30,10:00,TR,217
PHY209,4,11:50,1:20,TR,222
PHY209,5,1:30,3:00,ST,112
PHY209,6,3:10,4:40,ST,111
POP201,1,10:10,11:40,SR,111
POP201,2,8:30,10:00,ST,221
POP201,3,11:50,1:20,MW,225
POP202,1,10:10,11:40,MW,111
POP202,2,1:30,3:00,ST,111
POP203,1,1:30,3:00,MW,111
POP501,1,4:50,6:20,W,Reading Course
POP503,1,3:10,4:40,W,Reading Course
POP508,1,3:10,4:40,M,Reading Course
POP601,1,8:30,10:00,R,Reading Course
POP602,1,3:10,4:40,S,Reading Course
POP603,1,10:00,1:00,F,219
POP605,1,6:00,9:00,W,530 (C. Lab-2)
POP613,1,2:00,5:00,F,219
POP695,1,4:50,6:20,A,Project
POP697,1,4:50,6:20,S,Project
SOC101,1,3:10,4:40,S,102
SOC101,1,3:10,4:40,T,217
SOC101,2,1:30,3:00,M,AB1-501
SOC101,2,1:30,3:00,W,AB1-601
SOC101,3,10:10,11:40,R,222
SOC101,3,10:10,11:40,T,227
SOC101,4,10:10,11:40,MW,221
SOC101,5,1:30,3:00,R,430
SOC101,5,1:30,3:00,S,431
SOC101,6,11:50,1:20,MW,AB2-302
SOC101,7,3:10,4:40,TR,AB2-203
SOC101,8,11:50,1:20,MW,220
SOC101,9,1:30,3:00,ST,AB2-606
SOC101,10,10:10,11:40,S,220
SOC101,10,10:10,11:40,R,AB1-802
SOC101,11,10:10,11:40,M,529 (C. Lab-1)
SOC101,11,10:10,11:40,W,108
SOC102,1,1:30,3:00,MW,115
SOC106,1,3:10,4:40,M,AB2-704
SOC106,1,3:10,4:40,W,212
SOC106,2,1:30,3:00,MW,AB2-303
SOC106,3,1:30,3:00,T,226
SOC106,3,1:30,3:00,S,AB2-203
SOC201,1,1:30,3:00,ST,435
SOC202,1,10:10,11:40,ST,222
SOC202,2,8:30,10:00,MW,433
SOC218,1,11:50,1:20,MW,115
SOC219,1,11:50,1:20,T,219
SOC219,1,11:50,1:20,S,109
SOC220,1,10:10,11:40,S,AB2-503
SOC220,1,10:10,11:40,T,217
SOC302,1,10:10,11:40,MW,AB2-205
SOC303,1,11:50,1:20,M,AB1-501
SOC303,1,11:50,1:20,W,AB2-403
SOC305,1,11:50,1:20,SR,Reading Course
SOC312,1,1:30,3:00,R,432
SOC312,1,1:30,3:00,S,433
SOC401,1,10:10,11:40,ST,212
SOC406,1,3:10,4:40,MW,AB2-303
SOC413,1,3:10,4:40,A,Project
SOC414,1,3:10,4:40,F,Project
SOC415,1,1:30,3:00,MW,434
SOC416,1,11:50,1:20,ST,212
STA102,1,11:50,1:20,W,AB2-303
STA102,1,11:50,1:20,M,AB2-704
STA102,2,1:30,3:00,MW,AB1-302
STA102,3,1:30,3:00,ST,AB1-502
STA102,4,11:50,1:20,TR,AB1-802
STA102,5,1:30,3:00,SR,AB1-402
STA102,6,10:10,11:40,MW,AB1-302
STA208,1,10:10,11:40,MW,AB1-202
